Category,Metric,Value,Target,Status
Framework,Total Events Generated,"13,851",N/A,Complete
Framework,Output Features,29 columns,29 columns,✓ Pass
Point 1: Conservation,Physics Consistency,86.7%,≥95%,⚠ Partial
Point 1: Conservation,Mean Error,0.0000%,<0.1%,✓ Pass
Point 2: Coupling,Mathematical Demonstration,Differential Equations + State-Space,Demonstrated,✓ Complete
Point 3: Cascade,Pattern Coverage,71.4%,≥70%,✓ Pass
Point 3: Cascade,Physical Consistency,99.7%,≥85%,✓ Pass
Point 4: DL Baselines,Physics Advantage,+21.9%,>0%,✓ Superior
Point 4: DL Baselines,Training Time,0.00s,Instant,✓ Pass
Point 5: Domain Adapt,MMD Distance,0.0287,<0.5,✓ Pass
Point 5: Domain Adapt,Transfer Efficiency,68.8%,≥70%,⚠ Partial
